"cmss.element_nr","bez","x","y"
"38640001_39640055.01","Hermsdorfer Damm (östl. A111) (Tegel, 13507)",383625,5829225
"38640001_39640055.01","Hermsdorfer Damm (östl. A111) (Tegel, 13507)",384275,5829675
"38640001_39640055.01","Hermsdorfer Damm (östl. A111) (Tegel, 13507)",384275,5829725
"38640001_39640055.01","Hermsdorfer Damm (östl. A111) (Tegel, 13507)",384325,5829725
"38640001_39640055.01","Hermsdorfer Damm (östl. A111) (Tegel, 13507)",384325,5829775
"38640001_39640055.01","Hermsdorfer Damm (östl. A111) (Tegel, 13507)",384325,5829825
"38640001_39640055.01","Hermsdorfer Damm (östl. A111) (Tegel, 13507)",384125,5829475
"38640001_39640055.01","Hermsdorfer Damm (östl. A111) (Tegel, 13507)",384125,5829525
"38640001_39640055.01","Hermsdorfer Damm (östl. A111) (Tegel, 13507)",384175,5829525
"38640001_39640055.01","Hermsdorfer Damm (östl. A111) (Tegel, 13507)",384175,5829575
"38640001_39640055.01","Hermsdorfer Damm (östl. A111) (Tegel, 13507)",384225,5829575
"38640001_39640055.01","Hermsdorfer Damm (östl. A111) (Tegel, 13507)",384225,5829625
"38640001_39640055.01","Hermsdorfer Damm (östl. A111) (Tegel, 13507)",384275,5829625
"38640001_39640055.01","Hermsdorfer Damm (östl. A111) (Tegel, 13507)",383925,5829325
"38640001_39640055.01","Hermsdorfer Damm (östl. A111) (Tegel, 13507)",383975,5829325
"38640001_39640055.01","Hermsdorfer Damm (östl. A111) (Tegel, 13507)",384025,5829325
"38640001_39640055.01","Hermsdorfer Damm (östl. A111) (Tegel, 13507)",384025,5829375
"38640001_39640055.01","Hermsdorfer Damm (östl. A111) (Tegel, 13507)",384075,5829375
"38640001_39640055.01","Hermsdorfer Damm (östl. A111) (Tegel, 13507)",384075,5829425
"38640001_39640055.01","Hermsdorfer Damm (östl. A111) (Tegel, 13507)",384125,5829425
"38640001_39640055.01","Hermsdorfer Damm (östl. A111) (Tegel, 13507)",383625,5829275
"38640001_39640055.01","Hermsdorfer Damm (östl. A111) (Tegel, 13507)",383675,5829275
"38640001_39640055.01","Hermsdorfer Damm (östl. A111) (Tegel, 13507)",383725,5829275
"38640001_39640055.01","Hermsdorfer Damm (östl. A111) (Tegel, 13507)",383725,5829325
"38640001_39640055.01","Hermsdorfer Damm (östl. A111) (Tegel, 13507)",383775,5829325
"38640001_39640055.01","Hermsdorfer Damm (östl. A111) (Tegel, 13507)",383825,5829325
"38640001_39640055.01","Hermsdorfer Damm (östl. A111) (Tegel, 13507)",383875,5829325
"49510043_49510044.02","Elsenstraße (nördl. Heidelberger Straße) (Neukölln, 12435)",394825,5816325
"49510043_49510044.02","Elsenstraße (nördl. Heidelberger Straße) (Neukölln, 12435)",394875,5816325
"49510043_49510044.02","Elsenstraße (nördl. Heidelberger Straße) (Neukölln, 12435)",394875,5816375
"49510043_49510044.02","Elsenstraße (nördl. Heidelberger Straße) (Neukölln, 12435)",394925,5816375
"49510043_49510044.02","Elsenstraße (nördl. Heidelberger Straße) (Neukölln, 12435)",394925,5816425
"38530011_38530012.01","Neue Kantstraße (Ostpreußenbrücke) (Charlottenburg, 14057)",383375,5818725
"38530011_38530012.01","Neue Kantstraße (Ostpreußenbrücke) (Charlottenburg, 14057)",383425,5818725
"38530011_38530012.01","Neue Kantstraße (Ostpreußenbrücke) (Charlottenburg, 14057)",383425,5818775
"38530011_38530012.01","Neue Kantstraße (Ostpreußenbrücke) (Charlottenburg, 14057)",383475,5818775
"43460027_43460001.01","Attilastraße - Kaiser-Wilhelm-Straße (Sieversbrücke) (Steglitz, 12247)",388125,5811525
"43460027_43460001.01","Attilastraße - Kaiser-Wilhelm-Straße (Sieversbrücke) (Steglitz, 12247)",388125,5811575
"43460027_43460001.01","Attilastraße - Kaiser-Wilhelm-Straße (Sieversbrücke) (Steglitz, 12247)",388125,5811625
"56490012_56490002.02","Rudolf-Rühl-Allee [ehem. Köpenicker A.] (südl. Verl. Waldowallee) (Köpenick, 12459)",401375,5814725
"56490012_56490002.02","Rudolf-Rühl-Allee [ehem. Köpenicker A.] (südl. Verl. Waldowallee) (Köpenick, 12459)",401675,5814275
"56490012_56490002.02","Rudolf-Rühl-Allee [ehem. Köpenicker A.] (südl. Verl. Waldowallee) (Köpenick, 12459)",401725,5814275
"56490012_56490002.02","Rudolf-Rühl-Allee [ehem. Köpenicker A.] (südl. Verl. Waldowallee) (Köpenick, 12459)",401475,5814375
"56490012_56490002.02","Rudolf-Rühl-Allee [ehem. Köpenicker A.] (südl. Verl. Waldowallee) (Köpenick, 12459)",401475,5814425
"56490012_56490002.02","Rudolf-Rühl-Allee [ehem. Köpenicker A.] (südl. Verl. Waldowallee) (Köpenick, 12459)",401525,5814325
"56490012_56490002.02","Rudolf-Rühl-Allee [ehem. Köpenicker A.] (südl. Verl. Waldowallee) (Köpenick, 12459)",401525,5814375
"56490012_56490002.02","Rudolf-Rühl-Allee [ehem. Köpenicker A.] (südl. Verl. Waldowallee) (Köpenick, 12459)",401575,5814325
"56490012_56490002.02","Rudolf-Rühl-Allee [ehem. Köpenicker A.] (südl. Verl. Waldowallee) (Köpenick, 12459)",401625,5814275
"56490012_56490002.02","Rudolf-Rühl-Allee [ehem. Köpenicker A.] (südl. Verl. Waldowallee) (Köpenick, 12459)",401625,5814325
"56490012_56490002.02","Rudolf-Rühl-Allee [ehem. Köpenicker A.] (südl. Verl. Waldowallee) (Köpenick, 12459)",401425,5814425
"56490012_56490002.02","Rudolf-Rühl-Allee [ehem. Köpenicker A.] (südl. Verl. Waldowallee) (Köpenick, 12459)",401425,5814475
"56490012_56490002.02","Rudolf-Rühl-Allee [ehem. Köpenicker A.] (südl. Verl. Waldowallee) (Köpenick, 12459)",401425,5814525
"56490012_56490002.02","Rudolf-Rühl-Allee [ehem. Köpenicker A.] (südl. Verl. Waldowallee) (Köpenick, 12459)",401425,5814575
"56490012_56490002.02","Rudolf-Rühl-Allee [ehem. Köpenicker A.] (südl. Verl. Waldowallee) (Köpenick, 12459)",401425,5814625
"56490012_56490002.02","Rudolf-Rühl-Allee [ehem. Köpenicker A.] (südl. Verl. Waldowallee) (Köpenick, 12459)",401425,5814675
"56490012_56490002.02","Rudolf-Rühl-Allee [ehem. Köpenicker A.] (südl. Verl. Waldowallee) (Köpenick, 12459)",401425,5814725
"42460050_42460005.01","Siemensstraße (Siemensbrücke) (Steglitz,12247)",387125,5811825
"42460050_42460005.01","Siemensstraße (Siemensbrücke) (Steglitz,12247)",387175,5811825
"42460050_42460005.01","Siemensstraße (Siemensbrücke) (Steglitz,12247)",387175,5811875
"42460050_42460005.01","Siemensstraße (Siemensbrücke) (Steglitz,12247)",387225,5811875
"43500026_43490004.01","Sachsendamm (östl. Lotte-Laserstrin-Straße (Bahnbrücke)) (Schöneberg, 12103)",388825,5815025
"43500026_43490004.01","Sachsendamm (östl. Lotte-Laserstrin-Straße (Bahnbrücke)) (Schöneberg, 12103)",388825,5815075
"43500026_43490004.01","Sachsendamm (östl. Lotte-Laserstrin-Straße (Bahnbrücke)) (Schöneberg, 12103)",388875,5814975
"43500026_43490004.01","Sachsendamm (östl. Lotte-Laserstrin-Straße (Bahnbrücke)) (Schöneberg, 12103)",388875,5815025
"43500026_43490004.01","Sachsendamm (östl. Lotte-Laserstrin-Straße (Bahnbrücke)) (Schöneberg, 12103)",388925,5814975
"43500026_43490004.01","Sachsendamm (östl. Lotte-Laserstrin-Straße (Bahnbrücke)) (Schöneberg, 12103)",388975,5814925
"43500026_43490004.01","Sachsendamm (östl. Lotte-Laserstrin-Straße (Bahnbrücke)) (Schöneberg, 12103)",388975,5814975
"45530009_45530025.01","Wilhelmstraße (südl. Zimmerstraße) (Kreuzberg, 10963)",390425,5818625
"45530009_45530025.01","Wilhelmstraße (südl. Zimmerstraße) (Kreuzberg, 10963)",390425,5818675
"45530009_45530025.01","Wilhelmstraße (südl. Zimmerstraße) (Kreuzberg, 10963)",390425,5818725
"45530009_45530025.01","Wilhelmstraße (südl. Zimmerstraße) (Kreuzberg, 10963)",390475,5818575
"45530009_45530025.01","Wilhelmstraße (südl. Zimmerstraße) (Kreuzberg, 10963)",390475,5818625
"44630209_44630015.01","Wilhelmsruher Damm (westl. Uhlandstraße) (Rosenthal, 13158)",389775,5828725
"44630209_44630015.01","Wilhelmsruher Damm (westl. Uhlandstraße) (Rosenthal, 13158)",389825,5828725
"44630209_44630015.01","Wilhelmsruher Damm (westl. Uhlandstraße) (Rosenthal, 13158)",389825,5828775
"44630209_44630015.01","Wilhelmsruher Damm (westl. Uhlandstraße) (Rosenthal, 13158)",389875,5828775
"35550016_35550015.01","Rominter Allee (südl. Charlottenburger Chaussee) (Ruhleben, 14052)",380925,5820775
"35550016_35550015.01","Rominter Allee (südl. Charlottenburger Chaussee) (Ruhleben, 14052)",380925,5820825
"35550018_35550016.01","Rominter Allee (südl. Charlottenburger Chaussee) (Ruhleben, 14052)",380925,5820825
"35550054_35550018.01","Rominter Allee (südl. Charlottenburger Chaussee) (Ruhleben, 14052)",380925,5820825
"35550054_35550018.01","Rominter Allee (südl. Charlottenburger Chaussee) (Ruhleben, 14052)",380925,5820875
"34590009_34590008.01","Daumstraße (Spandau, 13599)",379675,5824725
"34590009_34590008.01","Daumstraße (Spandau, 13599)",379725,5824725
"34590009_34590008.01","Daumstraße (Spandau, 13599)",379775,5824725
"34590009_34590008.01","Daumstraße (Spandau, 13599)",379825,5824675
"34590009_34590008.01","Daumstraße (Spandau, 13599)",379825,5824725
"34590009_34590008.01","Daumstraße (Spandau, 13599)",379875,5824675
"38520053_38520054.01","Kurfürstendamm (Höhe S-Bhf. Halensee) (Wilmersdorf, 10711)",383825,5817675
"38520053_38520054.01","Kurfürstendamm (Höhe S-Bhf. Halensee) (Wilmersdorf, 10711)",383875,5817675
"38520054_38520055.01","Kurfürstendamm (Höhe S-Bhf. Halensee) (Wilmersdorf, 10711)",383875,5817675
"38520054_38520055.01","Kurfürstendamm (Höhe S-Bhf. Halensee) (Wilmersdorf, 10711)",383925,5817675
"54430004_54430003.01","Neudecker Weg (nördl. August-Froehlich-Str.) (Rudow, 12355)",399075,5808875
"54430004_54430003.01","Neudecker Weg (nördl. August-Froehlich-Str.) (Rudow, 12355)",399075,5808925
"54430004_54430003.01","Neudecker Weg (nördl. August-Froehlich-Str.) (Rudow, 12355)",399125,5808925
"54430004_54430003.01","Neudecker Weg (nördl. August-Froehlich-Str.) (Rudow, 12355)",399175,5808925
"54430004_54430003.01","Neudecker Weg (nördl. August-Froehlich-Str.) (Rudow, 12355)",399175,5808975
"54430004_54430003.01","Neudecker Weg (nördl. August-Froehlich-Str.) (Rudow, 12355)",399225,5808975
"54430004_54430003.01","Neudecker Weg (nördl. August-Froehlich-Str.) (Rudow, 12355)",399225,5809025
"46600001_46600012.01","Wollankstraße (Höhe S-Bhf. Wollankstraße) (Wedding, 13359)",391075,5825025
"46600001_46600012.01","Wollankstraße (Höhe S-Bhf. Wollankstraße) (Wedding, 13359)",391125,5825025
"46600001_46600012.01","Wollankstraße (Höhe S-Bhf. Wollankstraße) (Wedding, 13359)",391125,5825075
"46600001_46600012.01","Wollankstraße (Höhe S-Bhf. Wollankstraße) (Wedding, 13359)",391175,5825075
"56440029_56440030.02","Adlergestell (Stelling-Janitzky-Brücke, Teltowkanal) (Treptow, 12489)",401775,5809375
"56440029_56440030.02","Adlergestell (Stelling-Janitzky-Brücke, Teltowkanal) (Treptow, 12489)",401825,5809325
"56440029_56440030.02","Adlergestell (Stelling-Janitzky-Brücke, Teltowkanal) (Treptow, 12489)",401825,5809375
"56440029_56440030.02","Adlergestell (Stelling-Janitzky-Brücke, Teltowkanal) (Treptow, 12489)",401875,5809225
"56440029_56440030.02","Adlergestell (Stelling-Janitzky-Brücke, Teltowkanal) (Treptow, 12489)",401875,5809275
"56440029_56440030.02","Adlergestell (Stelling-Janitzky-Brücke, Teltowkanal) (Treptow, 12489)",401875,5809325
"56440029_56440030.02","Adlergestell (Stelling-Janitzky-Brücke, Teltowkanal) (Treptow, 12489)",401925,5809225
"56440030_56440034.01","Adlergestell (Stelling-Janitzky-Brücke, Teltowkanal) (Treptow, 12489)",401825,5809325
"56440030_56440034.01","Adlergestell (Stelling-Janitzky-Brücke, Teltowkanal) (Treptow, 12489)",401825,5809375
"56440030_56440034.01","Adlergestell (Stelling-Janitzky-Brücke, Teltowkanal) (Treptow, 12489)",401875,5809275
"56440030_56440034.01","Adlergestell (Stelling-Janitzky-Brücke, Teltowkanal) (Treptow, 12489)",401875,5809325
"56440030_56440034.01","Adlergestell (Stelling-Janitzky-Brücke, Teltowkanal) (Treptow, 12489)",401925,5809225
"56440030_56440034.01","Adlergestell (Stelling-Janitzky-Brücke, Teltowkanal) (Treptow, 12489)",401925,5809275
"43460046_44460015.01","Ringstraße (Teubertbrücke) (Tempelhof, 12105)",388975,5811875
"43460046_44460015.01","Ringstraße (Teubertbrücke) (Tempelhof, 12105)",388975,5811925
"43460046_44460015.01","Ringstraße (Teubertbrücke) (Tempelhof, 12105)",389025,5811875
"43460046_44460015.01","Ringstraße (Teubertbrücke) (Tempelhof, 12105)",389075,5811875
"44460015_44460002.01","Ringstraße (Teubertbrücke) (Tempelhof, 12105)",389075,5811825
"44460015_44460002.01","Ringstraße (Teubertbrücke) (Tempelhof, 12105)",389075,5811875
"44460015_44460002.01","Ringstraße (Teubertbrücke) (Tempelhof, 12105)",389125,5811825
"50580004_50580024.01","Berliner Allee in Höhe Hausnr. 125 (Weißensee, 13088)",395525,5823325
"50580004_50580024.01","Berliner Allee in Höhe Hausnr. 125 (Weißensee, 13088)",395575,5823325
"50580004_50580024.01","Berliner Allee in Höhe Hausnr. 125 (Weißensee, 13088)",395575,5823375
"50580004_50580024.01","Berliner Allee in Höhe Hausnr. 125 (Weißensee, 13088)",395625,5823375
"50580004_50580024.01","Berliner Allee in Höhe Hausnr. 125 (Weißensee, 13088)",395675,5823375
"50580004_50580024.01","Berliner Allee in Höhe Hausnr. 125 (Weißensee, 13088)",395725,5823375
"50580004_50580024.01","Berliner Allee in Höhe Hausnr. 125 (Weißensee, 13088)",395725,5823425
"50580024_50580023.01","Berliner Allee in Höhe Hausnr. 125 (Weißensee, 13088)",395725,5823425
"50580024_50580023.01","Berliner Allee in Höhe Hausnr. 125 (Weißensee, 13088)",395775,5823425
"50580024_50580023.01","Berliner Allee in Höhe Hausnr. 125 (Weißensee, 13088)",395825,5823425
"50580024_50580023.01","Berliner Allee in Höhe Hausnr. 125 (Weißensee, 13088)",395825,5823475
"50580024_50580023.01","Berliner Allee in Höhe Hausnr. 125 (Weißensee, 13088)",395875,5823475
"50580024_50580023.01","Berliner Allee in Höhe Hausnr. 125 (Weißensee, 13088)",395925,5823475
"50580024_50580023.01","Berliner Allee in Höhe Hausnr. 125 (Weißensee, 13088)",395925,5823525
"50580024_50580023.01","Berliner Allee in Höhe Hausnr. 125 (Weißensee, 13088)",395975,5823525
"51480030_51480048.01","Sonnenallee (südl. Fritzi-Massary-Straße) (Neukölln, 12437)",396525,5813525
"51480030_51480048.01","Sonnenallee (südl. Fritzi-Massary-Straße) (Neukölln, 12437)",396575,5813475
"51480030_51480048.01","Sonnenallee (südl. Fritzi-Massary-Straße) (Neukölln, 12437)",396575,5813525
"51480030_51480048.01","Sonnenallee (südl. Fritzi-Massary-Straße) (Neukölln, 12437)",396625,5813475
"51480030_51480048.01","Sonnenallee (südl. Fritzi-Massary-Straße) (Neukölln, 12437)",396675,5813425
"51480030_51480048.01","Sonnenallee (südl. Fritzi-Massary-Straße) (Neukölln, 12437)",396675,5813475
"51480030_51480048.01","Sonnenallee (südl. Fritzi-Massary-Straße) (Neukölln, 12437)",396725,5813425
"51480030_51480048.01","Sonnenallee (südl. Fritzi-Massary-Straße) (Neukölln, 12437)",396775,5813425
"44510021_44510011.01","Monumentenstraße (Monumentenbrücke) (Schöneberg, 10829)",389375,5816575
"44510021_44510011.01","Monumentenstraße (Monumentenbrücke) (Schöneberg, 10829)",389425,5816575
"44510021_44510011.01","Monumentenstraße (Monumentenbrücke) (Schöneberg, 10829)",389475,5816575
"44510021_44510011.01","Monumentenstraße (Monumentenbrücke) (Schöneberg, 10829)",389525,5816525
"44510021_44510011.01","Monumentenstraße (Monumentenbrücke) (Schöneberg, 10829)",389525,5816575
"44510021_44510011.01","Monumentenstraße (Monumentenbrücke) (Schöneberg, 10829)",389575,5816525
"38540009_38540010.02","Knobelsdorffstraße (westl. Sophie-Charlotten-Straße) (Charlottenburg, 10585)",383725,5819475
"38540009_38540010.02","Knobelsdorffstraße (westl. Sophie-Charlotten-Straße) (Charlottenburg, 10585)",383775,5819475
"38540009_38540010.02","Knobelsdorffstraße (westl. Sophie-Charlotten-Straße) (Charlottenburg, 10585)",383825,5819475
"38540009_38540010.02","Knobelsdorffstraße (westl. Sophie-Charlotten-Straße) (Charlottenburg, 10585)",383875,5819475
"38500006_38500007.02","Franzensbader Straße östl. Berkaer Straße (Charlottenburg-Wilmersdorf, 14193)",383475,5815825
"38500006_38500007.02","Franzensbader Straße östl. Berkaer Straße (Charlottenburg-Wilmersdorf, 14193)",383475,5815875
"38500006_38500007.02","Franzensbader Straße östl. Berkaer Straße (Charlottenburg-Wilmersdorf, 14193)",383525,5815825
"38500007_38500008.01","Franzensbader Straße östl. Berkaer Straße (Charlottenburg-Wilmersdorf, 14193)",383525,5815775
"38500007_38500008.01","Franzensbader Straße östl. Berkaer Straße (Charlottenburg-Wilmersdorf, 14193)",383525,5815825
"38510006_38500007.01","Franzensbader Straße östl. Berkaer Straße (Charlottenburg-Wilmersdorf, 14193)",383525,5815825
"38510006_38500007.01","Franzensbader Straße östl. Berkaer Straße (Charlottenburg-Wilmersdorf, 14193)",383575,5815825
"38510006_38500007.01","Franzensbader Straße östl. Berkaer Straße (Charlottenburg-Wilmersdorf, 14193)",383575,5815875
"38510006_38500007.01","Franzensbader Straße östl. Berkaer Straße (Charlottenburg-Wilmersdorf, 14193)",383575,5815925
"38510006_38500007.01","Franzensbader Straße östl. Berkaer Straße (Charlottenburg-Wilmersdorf, 14193)",383575,5815975
"38510006_38500007.01","Franzensbader Straße östl. Berkaer Straße (Charlottenburg-Wilmersdorf, 14193)",383575,5816025
"38510006_38500007.01","Franzensbader Straße östl. Berkaer Straße (Charlottenburg-Wilmersdorf, 14193)",383575,5816075
"38510006_38500007.01","Franzensbader Straße östl. Berkaer Straße (Charlottenburg-Wilmersdorf, 14193)",383575,5816125
"44540022_45540008.02","Dorotheenstraße (östl. Ebertstraße) (Mitte, 10555)",389875,5819875
"44540022_45540008.02","Dorotheenstraße (östl. Ebertstraße) (Mitte, 10555)",389925,5819875
"44540022_45540008.02","Dorotheenstraße (östl. Ebertstraße) (Mitte, 10555)",389975,5819875
"44540022_45540008.02","Dorotheenstraße (östl. Ebertstraße) (Mitte, 10555)",390025,5819875
"44540022_45540008.02","Dorotheenstraße (östl. Ebertstraße) (Mitte, 10555)",390075,5819875
"44540022_45540008.02","Dorotheenstraße (östl. Ebertstraße) (Mitte, 10555)",390125,5819875
"40500034_40500053.02","Mecklenburgische Straße (südl. Rudolstädter Straße) (Wilmersdorf, 14197)",385325,5815725
"40500034_40500053.02","Mecklenburgische Straße (südl. Rudolstädter Straße) (Wilmersdorf, 14197)",385375,5815725
"40500034_40500053.02","Mecklenburgische Straße (südl. Rudolstädter Straße) (Wilmersdorf, 14197)",385375,5815775
"40500053_40500025.01","Mecklenburgische Straße (südl. Rudolstädter Straße) (Wilmersdorf, 14197)",385375,5815775
"40500053_40500025.01","Mecklenburgische Straße (südl. Rudolstädter Straße) (Wilmersdorf, 14197)",385425,5815775
"40500053_40500025.01","Mecklenburgische Straße (südl. Rudolstädter Straße) (Wilmersdorf, 14197)",385425,5815825
"61570015_61570006.02","Louis-Lewin-Straße (südl. Berliner Straße) (Hellersdorf, 12629)",406375,5822225
"61570015_61570006.02","Louis-Lewin-Straße (südl. Berliner Straße) (Hellersdorf, 12629)",406375,5822275
"61570015_61570006.02","Louis-Lewin-Straße (südl. Berliner Straße) (Hellersdorf, 12629)",406375,5822325
"61570015_61570006.02","Louis-Lewin-Straße (südl. Berliner Straße) (Hellersdorf, 12629)",406375,5822375
"61570015_61570006.02","Louis-Lewin-Straße (südl. Berliner Straße) (Hellersdorf, 12629)",406425,5822375
"61570015_61570006.02","Louis-Lewin-Straße (südl. Berliner Straße) (Hellersdorf, 12629)",406425,5822425
"61570015_61570006.02","Louis-Lewin-Straße (südl. Berliner Straße) (Hellersdorf, 12629)",406425,5822475
"44520012_44510010.01","Yorckstraße (westl. Katzbachstraße) (Kreuzberg, 10965)",389375,5817075
"44520012_44510010.01","Yorckstraße (westl. Katzbachstraße) (Kreuzberg, 10965)",389675,5816975
"44520012_44510010.01","Yorckstraße (westl. Katzbachstraße) (Kreuzberg, 10965)",389725,5816975
"44520012_44510010.01","Yorckstraße (westl. Katzbachstraße) (Kreuzberg, 10965)",389775,5816975
"44520012_44510010.01","Yorckstraße (westl. Katzbachstraße) (Kreuzberg, 10965)",389425,5817075
"44520012_44510010.01","Yorckstraße (westl. Katzbachstraße) (Kreuzberg, 10965)",389475,5817025
"44520012_44510010.01","Yorckstraße (westl. Katzbachstraße) (Kreuzberg, 10965)",389475,5817075
"44520012_44510010.01","Yorckstraße (westl. Katzbachstraße) (Kreuzberg, 10965)",389525,5817025
"44520012_44510010.01","Yorckstraße (westl. Katzbachstraße) (Kreuzberg, 10965)",389575,5817025
"44520012_44510010.01","Yorckstraße (westl. Katzbachstraße) (Kreuzberg, 10965)",389625,5816975
"44520012_44510010.01","Yorckstraße (westl. Katzbachstraße) (Kreuzberg, 10965)",389625,5817025
"46440005_46440041.02","Quarzweg (östl. Ankogelweg) (Tempelhof, 12349)",391575,5809775
"46440005_46440041.02","Quarzweg (östl. Ankogelweg) (Tempelhof, 12349)",391575,5809825
"46440005_46440041.02","Quarzweg (östl. Ankogelweg) (Tempelhof, 12349)",391625,5809775
"46440041_46440042.01","Quarzweg (östl. Ankogelweg) (Tempelhof, 12349)",391625,5809775
"46440041_46440042.01","Quarzweg (östl. Ankogelweg) (Tempelhof, 12349)",391675,5809725
"46440041_46440042.01","Quarzweg (östl. Ankogelweg) (Tempelhof, 12349)",391675,5809775
"46440041_46440042.01","Quarzweg (östl. Ankogelweg) (Tempelhof, 12349)",391725,5809725
